fievre,traitement
"38,9",temoin
"38,9",temoin
"39,3",temoin
"37,9",temoin
"40,5",temoin
"39,9",temoin
"39,3",temoin
"40,6",temoin
"39,3",temoin
"39,3",temoin
"41,2",temoin
"39,7",temoin
39,temoin
"39,2",temoin
"40,6",temoin
"39,7",temoin
"39,9",temoin
"39,2",temoin
"39,9",temoin
"40,2",temoin
"39,2",temoin
"39,7",temoin
"41,5",temoin
40,temoin
"40,4",temoin
"39,7",temoin
"40,8",temoin
"40,2",temoin
"40,8",temoin
"40,7",temoin
"41,9",temoin
"38,7",temoin
39,temoin
"39,6",temoin
"41,7",temoin
"39,5",temoin
"39,4",temoin
"39,4",temoin
"39,3",temoin
"38,4",temoin
"41,2",temoin
"39,6",temoin
"40,6",temoin
"40,1",temoin
"39,7",temoin
"38,8",temoin
"40,1",temoin
40,temoin
"40,7",temoin
"40,7",temoin
"41,4",dose_500
"37,6",dose_500
"39,7",dose_500
"39,4",dose_500
"40,7",dose_500
"39,3",dose_500
"38,2",dose_500
"39,4",dose_500
"38,8",dose_500
"40,2",dose_500
"38,9",dose_500
"39,8",dose_500
"38,5",dose_500
"41,2",dose_500
"38,6",dose_500
"39,9",dose_500
"40,6",dose_500
"39,4",dose_500
"38,9",dose_500
"39,8",dose_500
"38,2",dose_500
"37,8",dose_500
"40,3",dose_500
"40,5",dose_500
"35,4",dose_500
"38,3",dose_500
"38,4",dose_500
"36,6",dose_500
"37,3",dose_500
"41,9",dose_500
"38,6",dose_500
"39,8",dose_500
"38,2",dose_500
"38,2",dose_500
"36,8",dose_500
"40,5",dose_500
"37,3",dose_500
"39,5",dose_500
"39,8",dose_500
"38,5",dose_500
"38,5",dose_500
"38,3",dose_500
"39,2",dose_500
"38,6",dose_500
"39,5",dose_500
"41,4",dose_500
"38,6",dose_500
"41,9",dose_500
"37,6",dose_500
"38,9",dose_500
"37,9",dose_1000
"37,5",dose_1000
"38,3",dose_1000
38,dose_1000
"35,5",dose_1000
"38,6",dose_1000
"38,7",dose_1000
"39,3",dose_1000
"39,6",dose_1000
38,dose_1000
"36,8",dose_1000
"40,8",dose_1000
"38,7",dose_1000
"39,6",dose_1000
"37,1",dose_1000
"38,8",dose_1000
"37,3",dose_1000
"37,4",dose_1000
"37,7",dose_1000
"38,7",dose_1000
"39,2",dose_1000
"38,7",dose_1000
"38,6",dose_1000
"40,8",dose_1000
"38,7",dose_1000
"38,5",dose_1000
"38,1",dose_1000
"39,4",dose_1000
"37,4",dose_1000
"37,7",dose_1000
"36,9",dose_1000
"38,1",dose_1000
"37,8",dose_1000
"38,9",dose_1000
"38,1",dose_1000
"36,1",dose_1000
"38,5",dose_1000
"38,7",dose_1000
"39,6",dose_1000
"39,2",dose_1000
"36,1",dose_1000
"38,9",dose_1000
"38,7",dose_1000
"40,3",dose_1000
"39,9",dose_1000
"38,2",dose_1000
39,dose_1000
"37,4",dose_1000
"36,2",dose_1000
"35,8",dose_1000
