[{"city": "Lille,FR", "coords": {"lat": 50.630509, "lng": 3.070641}, "weather": [{"date": 20210314, "weather": "oshower", "temp2m": {"max": 9, "min": 5}, "wind10m_max": 3}, {"date": 20210315, "weather": "ishower", "temp2m": {"max": 9, "min": 5}, "wind10m_max": 3}, {"date": 20210316, "weather": "lightrain", "temp2m": {"max": 9, "min": 4}, "wind10m_max": 3}, {"date": 20210317, "weather": "lightrain", "temp2m": {"max": 8, "min": 5}, "wind10m_max": 3}, {"date": 20210318, "weather": "lightrain", "temp2m": {"max": 6, "min": 4}, "wind10m_max": 4}, {"date": 20210319, "weather": "clear", "temp2m": {"max": 7, "min": -1}, "wind10m_max": 4}, {"date": 20210320, "weather": "clear", "temp2m": {"max": 3, "min": -1}, "wind10m_max": 3}]}, {"city": "Paris, FR", "coords": {"lat": 48.85661, "lng": 2.351499}, "weather": [{"date": 20210314, "weather": "lightrain", "temp2m": {"max": 9, "min": 6}, "wind10m_max": 3}, {"date": 20210315, "weather": "ishower", "temp2m": {"max": 10, "min": 5}, "wind10m_max": 3}, {"date": 20210316, "weather": "cloudy", "temp2m": {"max": 9, "min": 3}, "wind10m_max": 3}, {"date": 20210317, "weather": "cloudy", "temp2m": {"max": 9, "min": 2}, "wind10m_max": 3}, {"date": 20210318, "weather": "lightrain", "temp2m": {"max": 7, "min": 3}, "wind10m_max": 4}, {"date": 20210319, "weather": "pcloudy", "temp2m": {"max": 6, "min": 0}, "wind10m_max": 4}, {"date": 20210320, "weather": "clear", "temp2m": {"max": 3, "min": -3}, "wind10m_max": 4}]}, {"city": "Monaco, MC", "coords": {"lat": 43.731142, "lng": 7.419758}, "weather": [{"date": 20210314, "weather": "clear", "temp2m": {"max": 11, "min": 3}, "wind10m_max": 3}, {"date": 20210315, "weather": "clear", "temp2m": {"max": 11, "min": 3}, "wind10m_max": 3}, {"date": 20210316, "weather": "clear", "temp2m": {"max": 10, "min": 3}, "wind10m_max": 3}, {"date": 20210317, "weather": "cloudy", "temp2m": {"max": 8, "min": 1}, "wind10m_max": 3}, {"date": 20210318, "weather": "cloudy", "temp2m": {"max": 6, "min": 0}, "wind10m_max": 2}, {"date": 20210319, "weather": "lightrain", "temp2m": {"max": 6, "min": 1}, "wind10m_max": 2}, {"date": 20210320, "weather": "rain", "temp2m": {"max": 2, "min": 0}, "wind10m_max": 3}]}, {"city": "New York, USA", "coords": {"lat": 40.730646, "lng": -73.986614}, "weather": [{"date": 20210314, "weather": "pcloudy", "temp2m": {"max": 9, "min": -1}, "wind10m_max": 4}, {"date": 20210315, "weather": "clear", "temp2m": {"max": 2, "min": -5}, "wind10m_max": 3}, {"date": 20210316, "weather": "cloudy", "temp2m": {"max": 1, "min": -1}, "wind10m_max": 2}, {"date": 20210317, "weather": "lightrain", "temp2m": {"max": 7, "min": 2}, "wind10m_max": 2}, {"date": 20210318, "weather": "lightrain", "temp2m": {"max": 9, "min": 4}, "wind10m_max": 3}, {"date": 20210319, "weather": "cloudy", "temp2m": {"max": 7, "min": -1}, "wind10m_max": 3}, {"date": 20210320, "weather": "clear", "temp2m": {"max": 10, "min": -1}, "wind10m_max": 3}]}]