{
  "files": {
    "main.css": "/static/css/main.625274cd.css",
    "main.js": "/static/js/main.caf8bc72.js",
    "static/js/845.564ac4da.chunk.js": "/static/js/845.564ac4da.chunk.js",
    "static/js/787.ab45fe3e.chunk.js": "/static/js/787.ab45fe3e.chunk.js",
    "index.html": "/index.html",
    "main.625274cd.css.map": "/static/css/main.625274cd.css.map",
    "main.caf8bc72.js.map": "/static/js/main.caf8bc72.js.map",
    "845.564ac4da.chunk.js.map": "/static/js/845.564ac4da.chunk.js.map",
    "787.ab45fe3e.chunk.js.map": "/static/js/787.ab45fe3e.chunk.js.map"
  },
  "entrypoints": [
    "static/css/main.625274cd.css",
    "static/js/main.caf8bc72.js"
  ]
}