title,original_price,amazon_price
Night Shift (Night Shift #1-20),12.75,13.76
It,25.01,26.21
House of Leaves,54.89,56.54
Misery,34.79,37.65
Security,39.25,33.24
Can You Keep a Secret? (Fear Street Relaunch #4),48.64,49.08
Follow You Home,21.36,21.12
Psycho: Sanitarium (Psycho #1.5),36.97,40.2
The Girl with All the Gifts,49.47,50.17
Pet Sematary,10.56,12.83
The Loney,23.4,21.37
The Stand,57.86,62.05
Needful Things,47.51,47.03
'Salem's Lot,49.56,54.37
Dracula the Un-Dead,35.63,35.28
Doctor Sleep (The Shining #2),40.12,41.42
Red Dragon (Hannibal Lecter #1),23.37,23.66
